{"$schema":"http://schema.management.azure.com/schemas/2015-01-01/deploymentTemplate.json#","contentVersion":"1.0.0.0","parameters":{},"variables":{},"resources":[{"name":"pipeline-to-orchestrate","type":"pipelines","apiVersion":"2018-06-01","properties":{"activities":[{"name":"CheckIfNewFileAvailable","type":"TridentNotebook","dependsOn":[],"policy":{"timeout":"0.12:00:00","retry":2,"retryIntervalInSeconds":30,"secureOutput":false,"secureInput":false},"typeProperties":{"notebookId":"86124fd0-e765-408b-87f8-6a18b8db1cd2","workspaceId":"7ae4598f-80da-4737-83f1-a523ba9c4b10"}},{"name":"SetVariable","description":"possible values are:\ntoRun\nnoRun\nto recover run, change SWITCH cases","type":"SetVariable","dependsOn":[{"activity":"CheckIfNewFileAvailable","dependencyConditions":["Succeeded"]}],"policy":{"secureOutput":false,"secureInput":false},"typeProperties":{"variableName":"RunOrNot","value":{"value":"@activity('CheckIfNewFileAvailable').output.result.exitValue","type":"Expression"}}},{"name":"Switch1","type":"Switch","dependsOn":[{"activity":"SetVariable","dependencyConditions":["Succeeded"]}],"typeProperties":{"on":{"value":"@variables('RunOrNot')","type":"Expression"},"cases":[{"value":"toRun","activities":[{"name":"Notebook","type":"TridentNotebook","dependsOn":[],"policy":{"timeout":"0.12:00:00","retry":2,"retryIntervalInSeconds":30,"secureOutput":false,"secureInput":false},"typeProperties":{"notebookId":"8711fb89-76c8-46a9-beeb-42901d5134cd","workspaceId":"7ae4598f-80da-4737-83f1-a523ba9c4b10"}},{"name":"Office 365 Outlook2","type":"Office365Outlook","dependsOn":[{"activity":"Notebook","dependencyConditions":["Succeeded"]}],"typeProperties":{"inputs":{"method":"post","path":"/v2/Mail","body":{"To":"toemail@email.com","Subject":"@concat('[New SHIR release]  ', utcNow())","Body":"<p>@{activity('Notebook').output.result.exitValue}</p>","Sensitivity":"","Importance":"Normal"}}}},{"name":"Teams1","type":"Teams","state":"Inactive","onInactiveMarkAs":"Succeeded","dependsOn":[{"activity":"Notebook","dependencyConditions":["Succeeded"]}],"typeProperties":{"inputs":{"method":"post","path":"","body":{}}}}]},{"value":"noRun","activities":[{"name":"Wait1","type":"Wait","dependsOn":[],"typeProperties":{"waitTimeInSeconds":1}}]}],"defaultActivities":[{"name":"Office 365 Outlook1","type":"Office365Outlook","dependsOn":[],"typeProperties":{"inputs":{"method":"post","path":"/v2/Mail","body":{"To":"toemail@email.com","Subject":"subject-placeholder","Body":"<p>none</p>","Sensitivity":"","Importance":"Normal"}}}}]}}],"variables":{"RunOrNot":{"type":"String"}},"lastModifiedByObjectId":"b4b02dbc-7fdf-440d-b418-7a4cc0495f3a","lastPublishTime":"2025-03-05T15:59:56Z"},"dependsOn":[]}]}