{"$schema":"http://schema.management.azure.com/schemas/2015-01-01/deploymentTemplate.json#","contentVersion":"1.0.0.0","parameters":{},"variables":{},"resources":[{"name":"Orchestrator-SHIR-releases","type":"pipelines","apiVersion":"2018-06-01","properties":{"activities":[{"name":"CheckIfNewFileAvailable","type":"TridentNotebook","dependsOn":[],"policy":{"timeout":"0.12:00:00","retry":2,"retryIntervalInSeconds":30,"secureOutput":false,"secureInput":false},"typeProperties":{"notebookId":"8a91218e-4bc8-4a89-99b4-14baae12c31d","workspaceId":"095ee8ef-db58-41b9-9e49-76cdc0cf453f"}},{"name":"SetVariable","description":"possible values are:\ntoRun\nnoRun\nto recover run, change SWITCH cases","type":"SetVariable","dependsOn":[{"activity":"CheckIfNewFileAvailable","dependencyConditions":["Succeeded"]}],"policy":{"secureOutput":false,"secureInput":false},"typeProperties":{"variableName":"RunOrNot","value":{"value":"@activity('CheckIfNewFileAvailable').output.result.exitValue","type":"Expression"}}},{"name":"Switch1","type":"Switch","dependsOn":[{"activity":"SetVariable","dependencyConditions":["Succeeded"]}],"typeProperties":{"on":{"value":"@variables('RunOrNot')","type":"Expression"},"cases":[{"value":"toRun","activities":[{"name":"Notebook","type":"TridentNotebook","dependsOn":[],"policy":{"timeout":"0.12:00:00","retry":2,"retryIntervalInSeconds":30,"secureOutput":false,"secureInput":false},"typeProperties":{"notebookId":"525a77a4-c78a-40f4-9ef4-911efdee54d5","workspaceId":"095ee8ef-db58-41b9-9e49-76cdc0cf453f"}},{"name":"Office 365 Outlook2","type":"Office365Outlook","dependsOn":[{"activity":"Notebook","dependencyConditions":["Succeeded"]}],"typeProperties":{"inputs":{"method":"post","path":"/v2/Mail","body":{"To":"alexsilva@microsoft.com","Subject":"@concat('[New SHIR release]  ', utcNow())","Body":"<p>@{activity('Notebook').output.result.exitValue}</p>","Sensitivity":"","Importance":"Normal"}}}},{"name":"Teams1","type":"Teams","state":"Inactive","onInactiveMarkAs":"Succeeded","dependsOn":[{"activity":"Notebook","dependencyConditions":["Succeeded"]}],"typeProperties":{"inputs":{"method":"post","path":"","body":{}}}}]},{"value":"noRun","activities":[{"name":"Wait1","type":"Wait","dependsOn":[],"typeProperties":{"waitTimeInSeconds":1}}]}],"defaultActivities":[{"name":"Office 365 Outlook1","type":"Office365Outlook","dependsOn":[],"typeProperties":{"inputs":{"method":"post","path":"","body":{}}}}]}}],"variables":{"RunOrNot":{"type":"String"}},"lastModifiedByObjectId":"b4b02dbc-7fdf-440d-b418-7a4cc0495f3a","lastPublishTime":"2025-01-29T17:46:30Z","logicAppsConnectionPayload":{"id":"/subscriptions/8134bcad-3f8c-4be2-8218-40855d84f4d3/resourceGroups/connections-095ee8ef-db58-41b9-9e49-76cdc0cf453f/providers/Microsoft.Web/connections/1_0b6785f9-7baa-4f95-ae7b-5729c8e6b012_b4b02dbc-7fdf-440d-b418-7a4cc0495f3a","properties":{"api":{"name":"office365","id":"/subscriptions/8134bcad-3f8c-4be2-8218-40855d84f4d3/providers/Microsoft.Web/locations/westeurope/managedApis/office365"}}},"extraTridentInfo":"{\"folderObjectId\":\"095ee8ef-db58-41b9-9e49-76cdc0cf453f\",\"capacityObjectId\":\"36FF58FD-A5DE-4AC9-9E9D-06762C310214\",\"artifactType\":\"Pipeline\",\"provisionState\":\"Active\",\"lastUpdatedDate\":\"2025-01-29T17:46:30.312Z\",\"createdDate\":\"2025-01-09T16:47:06.517Z\",\"ownerUser\":{\"id\":1078449,\"name\":\"System Administrator\",\"objectId\":\"b4b02dbc-7fdf-440d-b418-7a4cc0495f3a\",\"userPrincipalName\":\"admin@MngEnvMCAP357709.onmicrosoft.com\",\"aadAppId\":null,\"type\":null},\"ownerUserId\":1078449,\"createdByUser\":{\"id\":1078449,\"name\":\"System Administrator\",\"objectId\":\"b4b02dbc-7fdf-440d-b418-7a4cc0495f3a\",\"userPrincipalName\":\"admin@MngEnvMCAP357709.onmicrosoft.com\",\"aadAppId\":null,\"type\":null},\"createdByUserId\":1078449,\"modifiedByUser\":{\"id\":1078449,\"name\":\"System Administrator\",\"objectId\":\"b4b02dbc-7fdf-440d-b418-7a4cc0495f3a\",\"userPrincipalName\":\"admin@MngEnvMCAP357709.onmicrosoft.com\",\"aadAppId\":null,\"type\":null},\"modifiedByUserId\":1078449,\"artifactRelations\":[{\"dependentArtifactObjectId\":\"8a91218e-4bc8-4a89-99b4-14baae12c31d\",\"settings\":0},{\"dependentArtifactObjectId\":\"525a77a4-c78a-40f4-9ef4-911efdee54d5\",\"settings\":0}],\"permissions\":71,\"artifactPermissions\":7,\"systemArtifactType\":\"None\",\"etag\":\"\\\"b3fb05a37cac475fb4d5b263b9a667be\\\"\"}"},"dependsOn":[]}]}